Alexa Rank (in US),Site
64,foxnews.com
73,conservativetribune.com
151,drudgereport.com
159,westernjournalism.com
281,breitbart.com
434,wnd.com
787,bizpacreview.com
836,theblaze.com
843,dailycaller.com
947,infowars.com
949,dailywire.com
1181,washingtontimes.com
1353,nationalreview.com
1395,thegatewaypundit.com
1479,newsmax.com
1506,washingtonexaminer.com
1546,ijr.com
1868,townhall.com
2100,observer.com
2469,pjmedia.com
2793,freebeacon.com
2813,hotair.com
2820,youngcons.com
3358,thefederalist.com
3772,twitchy.com
3776,allenbwest.com
4187,americanthinker.com
4239,redstate.com
4488,rushlimbaugh.com
4514,freerepublic.com
4567,newsbusters.org
5635,louderwithcrowder.com
5655,lifezette.com
5769,freedomdaily.com
6521,chicksontheright.com
7241,theamericanconservative.com
7492,powerlineblog.com
8065,weeklystandard.com
8987,therightscoop.com
9646,weaselzippers.us
9905,mu.nu
10188,lucianne.com
11571,rightwingnews.com
11932,conservativepost.com
12640,spectator.org
12861,frontpagemag.com
13531,conservativereview.com
14811,legalinsurrection.com
15088,truthrevolt.org
